,ProjectName,ProjectAge,TotalWatchers,TotalCommitters,TotalCommits,TotalClosedIssues,PullRequestDuration,PullRequestCommentDuration,CommitsDuration,IssueCommentsDuration,PullRequestAcceptedDuration,PullRequestRejectedDuration,AvgPullRequestComments,UpstreamDependencies,DownstreamDependencies,Vindex
1,algebra,1518,13,3,10,2,4,8,2,76,0,10,22,6,4,1
2,cpal,1184,134,11,519,16,0,0,4,0,0,0,3,1,4,2
3,rust-amqp,1302,137,4,203,15,0,168,1,3,1,2,1,12,513,16
4,rust-ansi-term,1347,103,1,106,9,0,0,1069,0,7,0,1,2,120,10
5,anymap,1366,68,3,97,9,8,19,7,27,0,2,2,0,8,2
6,rust-ascii,1198,10,7,161,11,150,230,153,0,1,2,2,4,15,5
7,rust-bencode,1462,21,5,102,12,0,0,0,10,41,0,3,18,98,7
8,bincode,1269,262,28,415,72,0,0,0,0,0,0,3,1,95,6
9,bitflags,1149,56,12,139,34,0,0,0,1,1,1,2,2,369,21
10,body-parser,1362,48,11,100,19,0,0,63,3,0,1,3,1,15,3
11,capnp-rpc-rust,1285,8,1,2,1,0,4,50,43,0,1,5,2,1,0
12,cesu8-rs,1188,3,2,38,0,0,0,354,92,0,24,4,0,2,0
13,cfor,1310,3,3,79,2,0,0,197,0,0,2,2,1,2,0
14,cgmath,1656,140,2,60,15,0,72,185,0,1,0,1,1,60,6
15,chrono,1442,129,4,67,32,0,0,68,0,2,0,4,8,461,13
16,collect-rs,1228,71,18,426,47,2,32,6,3,0,0,5,4,7,4
17,compare,1099,8,6,38,8,16,0,19,0,1,1,2,1,14,3
18,rust-compress,1598,77,6,239,4,0,443,32,1,0,0,4,4,39,9
19,conduit,1353,100,7,348,0,0,0,50,0,0,2,7,17,42,4
20,conduit-json-parser,1348,3,6,309,0,0,0,26,0,0,2,3,6,1,0
21,conduit-cookie,1348,0,4,986,0,0,1,482,26,0,0,4,5,1,0
22,cookie-rs,1348,42,10,1049,32,0,4,9,3,0,0,4,6,985,26
23,cpal,1184,134,11,519,16,0,0,4,0,0,0,3,4,5,2
24,rust-cssparser,1703,110,17,824,24,0,0,187,64,0,0,3,10,13,4
25,rust-csv,1448,324,12,417,42,0,220,0,0,0,1,3,12,635,15
26,curl-rust,1369,157,6,402,50,0,0,1,1,0,0,2,3,5,3
27,curl-rust,1369,157,6,402,50,0,0,1,1,0,0,2,11,241,14
28,c_vec-rs,1156,8,2,51,4,59,385,462,1,0,0,3,1,10,5
29,dbus-rs,1202,91,7,289,59,0,0,0,3,1,1,3,0,1,0
30,docopt.rs,1367,472,18,333,81,0,0,0,0,0,0,1,26,698,19
31,docopt.rs,1367,472,18,333,81,0,0,0,0,0,0,1,2,13,0
32,rust-email,1245,23,6,165,8,0,10,189,7,1,1,5,18,31,3
33,rust-encoding,1684,147,14,300,23,0,0,0,0,0,0,2,7,162,12
34,rust-encoding,1684,147,14,300,23,0,0,0,0,0,0,2,1,2,1
35,rust-encoding,1684,147,14,300,23,0,0,0,0,0,0,2,1,1,1
36,rust-encoding,1684,147,14,300,23,0,0,0,0,0,0,2,1,1,1
37,rust-encoding,1684,147,14,300,23,0,0,0,0,0,0,2,1,1,1
38,rust-encoding,1684,147,14,300,23,0,0,0,0,0,0,2,1,1,1
39,rust-encoding,1684,147,14,300,23,0,0,0,0,0,0,2,0,5,1
40,rust-error,1302,16,1,68,6,0,83,482,0,1,0,2,16,239,16
41,eventfd-rust,1197,1,1,25,0,0,0,348,0,0,0,1,1,1,0
42,fftw3-rs,1211,8,3,39,0,0,1,2,8,0,0,3,1,1,0
43,rust-fuse,1613,261,10,421,22,0,0,38,0,2,2,3,18,35,2
44,gdk,1072,12,6,150,20,55,338,131,3,0,0,5,4,19,1
45,genmesh,1301,26,3,26,6,8,2,8,420,0,0,2,1,10,3
46,git2-rs,1316,247,24,1785,73,0,0,0,0,0,0,10,10,62,2
47,glium,1253,63,1,14,7,0,0,1059,0,0,0,4,5,63,4
48,glium,1253,63,1,14,7,0,0,1059,0,0,0,4,0,1,1
49,glutin,1321,757,35,2125,239,0,0,2,0,0,0,2,3,46,5
50,glob,1295,39,4,30,3,0,0,252,0,0,1,10,16,15215,201
51,RustGnuplot,1738,81,5,477,11,0,466,0,0,1,0,1,3,59,2
52,rust-GSL,1323,61,5,284,6,0,0,0,0,0,0,2,7,61,8
53,handlebars-rust,1177,197,5,890,82,0,0,0,2,1,1,2,15,4980,87
54,handlebars-iron,1161,118,6,438,32,0,331,0,0,1,1,2,6,6,0
55,iobuf,1286,30,5,360,4,14,18,18,24,1,0,11,4,4,1
56,irc,1279,215,3,374,56,0,0,0,0,0,0,4,14,225,8
57,iron,1371,4499,30,676,178,0,0,0,0,0,0,2,21,149,10
58,rust-itertools,1323,309,19,544,57,0,0,0,0,1,0,2,8,255,11
59,kiss3d,1731,322,7,445,35,0,0,0,0,0,1,4,4,5,1
60,rust-lazy,1321,92,2,67,4,0,0,119,8,0,6,3,5,159,9
61,libc,1154,207,40,1329,105,0,0,0,2,1,1,3,3,1727,37
62,git2-rs,1319,247,24,1785,73,0,0,0,0,0,0,10,4,3,2
63,lmdb-rs,1426,77,12,799,15,1,4,5,0,2,1,2,1,2,1
64,nanomsg.rs,1647,254,5,201,38,0,51,3,0,0,0,3,1,1,1
65,link-config,1343,16,4,35,4,0,0,10,4,0,0,6,0,1,1
66,lmdb-rs,1205,35,9,137,5,0,348,1,0,1,0,3,11,9,1
67,lmdb-rs,1426,77,12,799,15,1,4,5,0,2,1,2,3,1,0
68,log,1185,196,17,164,55,0,0,6,1,1,0,4,4,1565,37
69,logger,1365,24,12,113,26,0,0,16,0,1,0,4,3,173,5
70,matrix,1254,15,2,617,0,0,1,826,24,0,0,32,22,626,22
71,rust-memcache,1706,14,3,148,5,2,0,0,350,0,0,2,8,41,4
72,mime,1293,5,1,11,8,0,0,76,2,0,311,1,7,3725,85
73,rust-modifier,1230,21,1,29,8,0,0,684,0,110,0,4,2,8,3
74,mopa,1162,33,1,25,4,0,0,514,0,0,10,1,0,10,3
75,mount,1363,43,11,136,18,0,0,32,0,0,0,1,6,25,2
76,multipart,1238,35,7,235,19,0,10,0,0,1,0,2,2,36,3
77,rust-mustache,1220,61,10,111,17,0,0,2,16,1,0,3,11,2139,45
78,rust-mysql-simple,1483,177,7,670,65,0,0,0,0,1,0,2,11,3343,36
79,nalgebra,1763,542,21,766,116,0,130,0,0,1,0,2,2,70,5
80,nanomsg.rs,1647,254,5,201,38,0,51,3,0,0,0,3,7,16,2
81,ncollide,1763,404,12,668,59,0,334,0,0,0,0,8,1,9,1
82,noise-rs,1687,55,7,47,25,14,15,19,0,1,0,10,7,9,2
83,nom,1205,1636,20,1061,188,0,0,0,0,6,2,3,9,228,5
84,oauth2-rs,1349,27,4,270,4,4,2,116,44,0,2,9,17,473,11
85,obj,281,5,2,7,0,31,0,22,0,0,2,5,10,8,2
86,rust-objc,1366,111,2,777,36,0,0,552,0,0,7,16,14,29,6
87,rust-objc,1366,111,2,777,36,0,0,552,0,0,7,16,1,2,2
88,rust-openssl,1536,318,57,1975,261,0,0,0,0,0,1,3,8,251,15
89,rust-openssl,1536,318,57,1975,261,0,0,0,0,0,1,3,2,22,5
90,opentype,1309,15,2,514,0,35,7,543,10,1,0,65,11,6,1
91,rust-ordered-float,1234,15,3,36,9,0,0,0,0,19,1,1,1,24,3
92,rust-peg,1668,389,10,353,76,0,0,0,0,0,1,3,23,23,2
93,petgraph,1177,209,6,323,27,0,0,0,1,0,0,7,1,34,4
94,persistent,1359,34,9,141,8,0,0,0,0,0,0,2,10,25,2
95,rust-phf,1516,258,10,611,36,0,0,0,0,0,0,2,2,54,6
96,rust-phf,1516,258,10,611,36,0,0,0,0,0,0,2,2,4,2
97,rust-phf,1516,258,10,611,36,0,0,0,0,0,0,2,1,9,5
98,sdl2_window,1357,16,13,162,30,0,0,0,0,0,0,2,5,19,3
99,rust-plugin,1308,22,4,47,3,0,10,4,2,10,0,20,6,56,8
100,libpnet,1290,510,15,363,22,0,2,9,0,0,0,4,7,11,1
101,rust-portaudio,1650,88,1,16,2,0,0,501,0,0,0,3,4,11,2
102,rust-postgres,1694,818,17,2440,187,0,0,0,0,0,0,2,14,55,2
103,pretty.rs,1244,13,2,30,3,173,0,161,0,2,26,5,5,123,9
104,probability,1242,16,5,611,3,16,3,1,41,0,0,5,4,4,1
105,rust-cpython,1163,566,10,306,43,0,0,0,1,1,0,10,1,1,1
106,r2d2,1316,229,4,425,24,0,3,0,0,0,1,7,10,37,3
107,racer,1471,118,3,32,60,0,42,39,0,1,24,4,19,31,3
108,redis-rs,1535,674,10,339,38,0,16,0,0,4,1,19,23,5974,45
109,regex,1188,253,17,874,98,0,0,0,0,0,0,3,7,753,20
110,regex,1188,253,17,874,98,0,0,0,0,0,0,3,1,37,6
111,roaring-rs,1172,50,3,274,9,1,0,832,1,0,0,5,1,4,1
112,rust-rocksdb,1213,167,7,256,30,0,0,0,0,1,0,4,20,7,1
113,router,1365,140,18,281,34,0,6,0,0,0,0,2,7,162,8
114,route-recognizer.rs,1534,25,3,39,2,0,0,142,0,0,0,3,1,59,7
115,rusqlite,1225,225,8,696,75,0,0,125,0,0,0,2,2,35,3
116,rustbox,1335,312,6,153,18,0,0,0,5,0,0,3,2,9,0
117,rustfmt,1102,803,47,847,766,0,0,0,0,1,1,3,11,9,1
118,secrets,1190,61,4,409,1,0,0,0,0,0,0,3,3,1,1
119,semver,1317,68,4,429,20,0,0,155,0,0,2,2,17,8716,173
120,rust_sequence_trie,1289,13,4,70,11,0,268,0,0,1,0,3,0,3,1
121,serde,1576,1001,26,1476,490,0,0,0,0,0,2,3,2,1652,36
122,rust-slack,1309,71,4,251,3,0,0,525,1,0,0,6,3,2,0
123,slack-rs,1175,58,7,50,22,0,2,3,47,7,0,2,15,47,2
124,stainless,1254,343,6,135,32,0,241,0,0,0,0,3,0,18,3
125,strided-rs,1208,4,3,55,0,0,0,101,0,10,109,3,1,3,1
126,syntex,1190,93,6,269,25,0,61,168,0,1,1,1,1,189,8
127,syntex,1190,93,6,269,25,0,61,168,0,1,1,1,1,55,9
128,syntex,1190,93,6,269,25,0,61,168,0,1,1,1,0,1,1
129,tabwriter,1278,68,3,73,5,557,0,2,5,0,150,1,2,20,1
130,tar-rs,1330,76,15,1444,53,0,0,3,3,0,1,4,12,1063,41
131,term,1166,49,4,91,13,0,8,0,0,0,25,7,20,113,11
132,rs-tiled,1248,49,4,106,6,5,0,0,0,2,0,1,9,1,0
133,time,1214,36,7,574,6,0,234,69,0,0,0,20,10,795,23
134,toml-rs,1357,304,21,1422,101,0,0,0,0,0,0,3,18,520,18
135,rust-traverse,1180,9,4,49,1,10,24,79,46,0,0,3,8,778,27
136,rust-uchardet,1206,10,3,87,2,8,2,0,0,2,0,25,2,2,0
137,rust-uchardet,1206,10,3,87,2,8,2,0,0,2,0,25,1,1,1
138,unicase,1261,11,3,45,4,0,208,0,0,4,0,2,1,30,6
139,unicode_names,1297,9,5,115,2,0,0,15,9,0,0,10,1,1,1
140,unicode_names,1297,9,5,115,2,0,0,15,9,0,0,10,3,1,1
141,rust-users,1182,18,2,80,4,0,0,483,0,1,0,2,2,11,1
142,rust-utp,1325,67,4,1140,10,4,0,312,20,0,1,1,3,7,2
143,uuid,1317,76,6,302,14,0,0,131,0,1,1,2,9,7171,79
144,vecmath,1335,34,4,152,129,0,0,2,0,0,0,1,3,38,5
145,vorbis-rs,1222,8,1,40,1,0,0,714,0,0,0,2,8,10,2
146,wavefront_obj,1317,20,7,64,17,0,0,0,0,0,0,19,0,4,0
147,rust-websocket,1197,403,19,565,71,0,0,0,0,1,0,2,7,729,17
148,xml-rs,1370,176,10,282,32,0,0,0,0,1,0,3,1,92,6
149,rust-zmq,2276,267,22,369,44,0,0,0,0,1,5,2,7,417,32
150,rust-zmq,2276,267,22,369,44,0,0,0,0,1,5,2,1,1,1
151,crc64-rs,1240,1,4,45,0,51,0,158,122,0,0,2,0,1,0
152,glfw-rs,1375,58,4,33,11,0,0,0,0,0,0,2,6,16,2
153,glib-sys,1139,3,1,69,0,26,0,288,0,0,2,4,1,4,2
154,markdown.rs,1268,46,6,115,7,0,0,37,0,30,2,4,16,839,29
155,maud,1177,300,10,430,70,0,86,0,1,1,2,2,1,5,2
156,maud,1177,300,10,430,70,0,86,0,1,1,2,2,1,3,2
157,rust-phf,1511,258,10,611,36,0,0,0,0,0,0,2,2,22,4
158,RustFFT,1138,46,4,105,8,406,239,258,0,2,1,4,2,10,1
159,combine,1151,310,7,532,34,0,6,46,0,0,24,3,4,2,1
160,cam,1296,14,10,53,14,1,0,0,0,0,0,4,4,1,1
161,log,1181,196,17,164,55,0,0,6,1,1,0,4,2,559,17
162,mailchecker,1830,832,8,339,34,0,0,0,0,1,1,4,12,4,0
163,log4rs,1136,131,3,426,31,0,307,3,0,0,1,3,3,22,2
164,bytes,1133,129,26,464,39,0,15,0,1,1,1,3,5,605,39
165,rust-bio,1138,329,16,495,29,20,60,6,7,2,0,7,31,162,4
166,gfx_macros,1102,2,6,25,1,0,20,4,21,0,0,5,1,3,1
167,rustlex,1445,103,5,166,10,0,314,0,0,2,4,2,1,1,0
168,termios-rs,1131,20,2,48,3,0,0,180,36,0,2,1,6,55,6
169,rand,1129,95,9,89,15,0,0,7,0,2,0,2,3,1201,31
170,sass-rs,1130,16,3,74,1,0,0,413,0,1,0,5,1,1,0
171,sass-rs,1130,16,3,74,1,0,0,413,0,1,0,5,1,1,1
172,byteorder,1129,219,9,166,45,0,0,0,0,1,1,2,1,615,15
173,rand,1129,95,9,89,15,0,0,7,0,2,0,2,1,4,2
174,git2-rs,1315,247,24,1785,73,0,0,0,0,0,0,10,6,1,1
175,svg,1124,20,3,235,2,0,0,599,0,0,0,16,7,54,3
176,collision-rs,368,8,6,25,1,0,40,0,7,0,0,2,2,1,1
177,rust-void,1122,30,2,22,3,36,0,216,0,0,6,2,4,47,6
178,nanomsg.rs,1643,254,5,201,38,0,51,3,0,0,0,3,1,1,1
179,core-foundation-rs,2016,16,10,83,5,2,1,2,144,0,0,4,1,19,5
180,core-graphics-rs,1966,10,9,113,2,46,0,189,72,0,0,6,25,12,3
181,cocoa-rs,2163,138,13,96,9,0,0,1,1,0,0,2,16,20,3
182,sample,1119,67,5,100,11,0,438,204,0,1,0,3,10,13,1
183,dbus-rs,1201,91,7,289,59,0,0,0,3,1,1,3,6,45,4
184,liquid-rust,1215,76,17,457,31,1,4,10,40,1,2,7,8,296,11
185,simple_parallel,1113,90,4,87,1,0,0,108,0,0,2,2,2,5,1
186,httparse,1112,98,6,116,10,0,0,9,24,0,0,1,4,30,6
187,sys-info-rs,1113,22,4,62,4,0,0,0,2,109,196,1,6,17,3
188,unix-socket,1111,29,2,29,1,0,0,302,0,2,0,1,1,32,4
189,rust-phf,1511,258,10,611,36,0,0,0,0,0,0,2,3,33,4
190,rust-phf,1511,258,10,611,36,0,0,0,0,0,0,2,2,6,4
191,lmdb-rs,1201,35,9,137,5,0,348,1,0,1,0,3,2,2,1
192,rusqlite,1220,225,8,696,75,0,0,125,0,0,0,2,1,2,2
193,rust-threadpool,1108,13,2,29,5,0,0,8,438,0,14,2,19,59,3
194,rust-mac,1107,9,4,17,0,3,3,2,7,2,2,2,5,14,5
195,glm-rs,1106,21,5,69,5,0,0,232,0,1,0,1,4,6,0
196,rust-argparse,1403,130,9,154,14,0,0,0,0,0,0,1,11,731,23
197,rust-systemd,1266,23,5,184,4,10,0,1,4,2,1,3,2,2,1
198,rust-systemd,1266,23,5,184,4,10,0,1,4,2,1,3,9,9,2
199,rust-igd,1106,18,4,72,8,14,0,34,111,0,0,1,3,4,2
200,yup-oauth2,694,15,4,108,8,0,0,12,8,2,0,2,9,275,1
201,external_mixin,1106,33,3,20,0,0,0,0,0,0,0,1,1,1,1
202,external_mixin,1106,33,3,20,0,0,0,0,0,0,0,1,2,2,1
203,external_mixin,1106,33,3,20,0,0,0,0,0,0,0,1,1,1,1
204,coreaudio-rs,1105,41,4,75,13,0,0,174,62,0,0,3,2,3,2
205,clap-rs,1108,1324,53,3455,449,0,0,0,0,0,0,2,3,980,10
206,lz4-rs,1106,35,7,143,5,0,0,0,0,0,0,1,5,21,2
207,synth,1122,67,2,83,4,0,98,316,41,0,0,2,16,3,0
208,draw_state,1106,4,6,33,16,0,0,0,21,0,0,5,1,4,4
209,quasi,1111,39,5,123,20,2,0,230,0,0,1,2,2,23,6
210,quasi,1111,39,5,123,20,2,0,230,0,0,1,2,1,15,4
211,serde,1577,1001,26,1476,490,0,0,0,0,0,2,3,3,361,13
212,gstreamer-rs,301,26,3,261,7,22,0,27,20,0,0,4,10,23,2
213,urlencoded,1359,16,9,76,11,0,2,59,0,0,1,3,4,19,2
214,pcap,1096,83,7,129,33,0,47,0,0,2,1,3,2,49,4
215,glium_text,1183,35,2,114,3,0,0,636,0,0,0,1,5,3,0
216,maidsafe_types,1035,1,7,190,0,19,0,1,2,0,0,1,1,3,1
217,android-rs-glue,1281,547,9,302,29,0,0,0,0,0,0,2,0,4,2
218,core-foundation-rs,2017,16,10,83,5,2,1,2,144,0,0,4,1,2,1
219,cocoa-rs,2164,138,13,96,9,0,0,1,1,0,0,2,2,1,1
220,crc-rs,1090,21,3,132,5,0,1,451,0,0,0,6,5,352,16
221,trie,1090,9,11,77,4,0,0,3,411,0,0,1,1,17,2
222,ordered_iter,1089,7,6,18,1,0,0,0,14,0,1,6,3,6,1
223,rust-sysfs-gpio,1092,91,7,439,4,0,240,71,2,0,2,11,1,7,0
224,num_cpus,1088,67,5,77,13,0,0,0,0,0,0,4,2,126,9
225,linked-list,1087,17,5,41,2,0,123,291,187,0,0,1,8,10,2
226,linked-hash-map,1087,42,13,118,21,0,4,2,103,1,1,3,2,45,7
227,lru-cache,1087,22,7,69,13,2,103,1,5,0,0,3,4,1305,40
228,interval-heap,1087,8,5,37,5,168,0,281,313,0,0,3,2,4,1
229,vodk.rs,1532,4,4,272,6,205,0,100,100,0,3,1,0,4,2
230,rust-htslib,1121,37,10,288,17,0,190,0,2,0,7,5,1,3,0
231,rust_radix_trie,1135,33,3,107,14,0,0,7,8,0,108,16,1,1,0
232,google-apis-rs,1106,124,6,614,141,0,0,56,2,1,1,4,6,1,0
233,google-apis-rs,1106,124,6,614,141,0,0,56,2,1,1,4,6,1,0
234,google-apis-rs,1106,124,6,614,141,0,0,56,2,1,1,4,6,1,0
235,google-apis-rs,1106,124,6,614,141,0,0,56,2,1,1,4,6,1,0
236,google-apis-rs,1106,124,6,614,141,0,0,56,2,1,1,4,6,1,0
237,google-apis-rs,1106,124,6,614,141,0,0,56,2,1,1,4,6,1,0
238,google-apis-rs,1106,124,6,614,141,0,0,56,2,1,1,4,6,1,0
239,google-apis-rs,1106,124,6,614,141,0,0,56,2,1,1,4,6,1,0
240,google-apis-rs,1106,124,6,614,141,0,0,56,2,1,1,4,6,1,0
241,google-apis-rs,1106,124,6,614,141,0,0,56,2,1,1,4,6,1,0
242,google-apis-rs,1106,124,6,614,141,0,0,56,2,1,1,4,6,1,0
243,google-apis-rs,1106,124,6,614,141,0,0,56,2,1,1,4,6,1,0
244,google-apis-rs,1106,124,6,614,141,0,0,56,2,1,1,4,6,1,0
245,google-apis-rs,1106,124,6,614,141,0,0,56,2,1,1,4,6,1,0
246,google-apis-rs,1106,124,6,614,141,0,0,56,2,1,1,4,6,1,0
247,google-apis-rs,1106,124,6,614,141,0,0,56,2,1,1,4,6,1,0
248,google-apis-rs,1106,124,6,614,141,0,0,56,2,1,1,4,6,1,0
249,google-apis-rs,1106,124,6,614,141,0,0,56,2,1,1,4,6,1,0
250,google-apis-rs,1106,124,6,614,141,0,0,56,2,1,1,4,6,1,0
251,google-apis-rs,1106,124,6,614,141,0,0,56,2,1,1,4,6,1,0
252,google-apis-rs,1106,124,6,614,141,0,0,56,2,1,1,4,6,1,0
253,google-apis-rs,1106,124,6,614,141,0,0,56,2,1,1,4,6,1,0
254,google-apis-rs,1106,124,6,614,141,0,0,56,2,1,1,4,6,1,0
255,google-apis-rs,1106,124,6,614,141,0,0,56,2,1,1,4,6,1,0
256,google-apis-rs,1106,124,6,614,141,0,0,56,2,1,1,4,6,1,0
257,google-apis-rs,1106,124,6,614,141,0,0,56,2,1,1,4,6,1,0
258,google-apis-rs,1106,124,6,614,141,0,0,56,2,1,1,4,6,1,0
259,google-apis-rs,1106,124,6,614,141,0,0,56,2,1,1,4,6,1,0
260,google-apis-rs,1106,124,6,614,141,0,0,56,2,1,1,4,6,1,0
261,google-apis-rs,1106,124,6,614,141,0,0,56,2,1,1,4,6,1,0
262,google-apis-rs,1106,124,6,614,141,0,0,56,2,1,1,4,6,1,0
263,google-apis-rs,1106,124,6,614,141,0,0,56,2,1,1,4,6,1,0
264,google-apis-rs,1106,124,6,614,141,0,0,56,2,1,1,4,6,1,0
265,google-apis-rs,1106,124,6,614,141,0,0,56,2,1,1,4,6,1,0
266,google-apis-rs,1106,124,6,614,141,0,0,56,2,1,1,4,6,1,0
267,google-apis-rs,1106,124,6,614,141,0,0,56,2,1,1,4,6,2,0
268,google-apis-rs,1106,124,6,614,141,0,0,56,2,1,1,4,6,1,0
269,google-apis-rs,1106,124,6,614,141,0,0,56,2,1,1,4,6,1,0
270,google-apis-rs,1106,124,6,614,141,0,0,56,2,1,1,4,6,1,0
271,google-apis-rs,1106,124,6,614,141,0,0,56,2,1,1,4,6,1,0
272,google-apis-rs,1106,124,6,614,141,0,0,56,2,1,1,4,6,1,0
273,google-apis-rs,1106,124,6,614,141,0,0,56,2,1,1,4,6,1,0
274,google-apis-rs,1106,124,6,614,141,0,0,56,2,1,1,4,6,1,0
275,google-apis-rs,1106,124,6,614,141,0,0,56,2,1,1,4,6,1,0
276,google-apis-rs,1106,124,6,614,141,0,0,56,2,1,1,4,6,1,0
277,google-apis-rs,1106,124,6,614,141,0,0,56,2,1,1,4,6,1,0
278,google-apis-rs,1106,124,6,614,141,0,0,56,2,1,1,4,6,1,0
279,google-apis-rs,1106,124,6,614,141,0,0,56,2,1,1,4,6,1,0
280,google-apis-rs,1106,124,6,614,141,0,0,56,2,1,1,4,6,1,0
281,google-apis-rs,1106,124,6,614,141,0,0,56,2,1,1,4,6,1,0
282,google-apis-rs,1106,124,6,614,141,0,0,56,2,1,1,4,6,1,0
283,google-apis-rs,1106,124,6,614,141,0,0,56,2,1,1,4,6,1,0
284,google-apis-rs,1106,124,6,614,141,0,0,56,2,1,1,4,6,1,0
285,google-apis-rs,1106,124,6,614,141,0,0,56,2,1,1,4,6,1,0
286,google-apis-rs,1106,124,6,614,141,0,0,56,2,1,1,4,6,1,0
287,rust-sdl2_image,1512,22,9,100,15,0,0,0,0,0,1,2,3,4,1
288,sodiumoxide,1555,248,12,476,68,0,0,0,0,2,3,5,1,11,3
289,sodiumoxide,1555,248,12,476,68,0,0,0,0,2,3,5,3,41,3
290,netmap_sys,1143,10,2,27,2,106,0,294,52,0,1,1,2,1,1
291,serial-rs,1076,98,5,143,30,0,43,0,0,1,0,18,7,19,2
292,eventual,1074,275,6,76,23,1,0,0,53,3,2,3,12,13,4
293,hound,1074,42,3,77,3,0,180,3,8,7,1,4,6,54,7
294,fixedbitset,1071,8,1,34,5,52,55,856,0,4,0,1,0,8,2
295,libudev-rs,1069,7,3,31,6,10,178,138,12,68,0,2,1,3,2
296,rust-smallvec,1069,58,11,83,11,0,8,107,87,1,0,3,1,46,6
297,rust-fnv,1068,45,4,30,1,16,0,196,1,0,0,2,4,117,9
298,rust-dylib,1067,4,3,7,3,33,0,0,0,0,0,2,1,4,2
299,crust,1072,501,27,1192,173,94,132,77,32,0,0,2,7,2,1
300,google-apis-rs,1106,124,6,614,141,0,0,56,2,1,1,4,6,1,0
301,google-apis-rs,1106,124,6,614,141,0,0,56,2,1,1,4,6,1,0
302,google-apis-rs,1106,124,6,614,141,0,0,56,2,1,1,4,6,1,0
303,google-apis-rs,1106,124,6,614,141,0,0,56,2,1,1,4,6,1,0
304,google-apis-rs,1106,124,6,614,141,0,0,56,2,1,1,4,6,1,0
305,google-apis-rs,1106,124,6,614,141,0,0,56,2,1,1,4,6,1,0
306,google-apis-rs,1106,124,6,614,141,0,0,56,2,1,1,4,6,1,0
307,bson-rs,1066,53,6,123,26,0,0,320,6,1,1,2,3,1,1
308,lru_time_cache,1065,29,19,153,7,22,0,27,11,0,0,3,2,12,3
309,rust_mozrunner,1123,3,4,43,0,124,188,116,85,1,0,3,2,2,0
310,webdriver-rust,1149,44,12,114,14,6,89,14,0,1,1,4,15,18,3
311,rust-typed-arena,1064,43,4,14,1,1,0,68,31,2,1,2,0,16,4
312,dot-rust,1064,4,2,25,1,0,8,116,22,0,2,13,13,435,14
313,retry,1063,24,2,42,5,16,11,366,8,3,0,22,10,288,19
314,routing,1109,154,33,2823,139,182,169,88,152,0,0,3,17,12,2
315,nickel.rs,1375,2026,44,624,129,0,0,0,0,0,1,4,19,18,2
316,nickel.rs,1375,2026,44,624,129,0,0,0,0,0,1,4,0,1,1
317,rust-id3,1216,17,5,117,1,36,0,105,0,4,3,1,10,9,1
318,piston_window,1061,51,9,152,50,0,44,0,0,0,0,3,6,32,3
319,coroutine-rs,1108,304,4,102,19,0,0,102,0,0,0,2,7,4,1
320,tempfile,1062,40,3,239,18,0,0,2,0,1,0,11,9,347,37
321,rust-sfml,1745,298,14,1219,62,0,0,0,0,1,2,2,5,5,1
322,unicode-segmentation,1061,63,7,70,2,0,0,128,2,1,0,6,1,38,3
323,unicode-normalization,1061,20,7,66,3,0,0,104,104,8,0,3,0,24,5
324,oil-rs,1101,12,3,54,2,44,0,9,89,0,48,8,5,1,0
325,oil-rs,1101,12,3,54,2,44,0,9,89,0,48,8,0,2,1
326,rust-imap,1059,47,7,179,7,0,18,60,1,1,0,2,4,113,6
327,rust-cpython,1159,566,10,306,43,0,0,0,1,1,0,10,16,4,1
328,glutin_window,1143,6,8,104,18,0,0,0,0,0,0,1,5,11,3
329,erlang_nif-sys,1063,27,1,71,13,8,0,369,14,0,0,1,1,2,0
330,ipnetwork,1057,6,4,147,4,0,1,2,0,0,0,2,2,5,2
331,mp4parse-rust,887,147,4,369,9,1,231,451,183,0,0,5,1,2,0
332,multimap,1050,6,2,36,4,2,0,387,151,15,4,1,4,16,6
333,google-apis-rs,1106,124,6,614,141,0,0,56,2,1,1,4,6,1,0
334,google-apis-rs,1106,124,6,614,141,0,0,56,2,1,1,4,6,1,0
335,syntex,1191,93,6,269,25,0,61,168,0,1,1,1,1,1,1
336,string-cache,1358,31,22,401,16,2,29,131,5,0,0,3,3,5,4
337,string-cache,1358,31,22,401,16,2,29,131,5,0,0,3,3,3,3
338,string-cache,1358,31,22,401,16,2,29,131,5,0,0,3,7,21,4
339,scopeguard,1044,20,2,34,4,3,0,499,12,0,0,2,0,5,2
340,edit-distance,1059,10,4,47,0,0,0,4,408,277,0,4,4,2,1
341,accumulator,1043,10,17,145,3,90,2,82,10,0,0,2,5,3,1
342,rust-cpython,1159,566,10,306,43,0,0,0,1,1,0,10,2,1,1
343,vec-map,981,18,5,53,13,0,3,632,0,4,0,2,2,35,3
344,solicit,1151,295,6,1255,10,0,366,158,0,1,1,2,15,6,4
345,rust-bindgen,732,94,12,50,57,0,0,0,0,0,240,1,1,2,1
346,oil-rs,1101,12,3,54,2,44,0,9,89,0,48,8,5,1,0
347,oil-rs,1101,12,3,54,2,44,0,9,89,0,48,8,2,2,1
348,rsroll,1038,4,2,19,2,504,3,414,4,4,4,9,3,3,1
349,kafka-rust,1037,209,10,560,58,8,17,52,7,1,0,6,46,5,1
350,jetscii,1037,37,3,959,1,0,1,477,177,0,1,6,1,1,1
351,rustful,1484,793,8,783,60,0,0,0,0,0,1,5,5,2,1
352,twox-hash,1035,52,2,1336,1,0,0,658,1,0,0,3,1,8,2
353,rust-clippy,1206,82,7,154,52,0,2,23,0,1,0,5,8,458,23
354,compiletest-rs,1085,82,7,108,24,12,4,54,8,0,0,5,1,58,11
355,gfx_scene,1112,8,3,27,5,70,6,125,124,0,0,2,0,1,1
356,gfx_scene,1112,8,3,27,5,70,6,125,124,0,0,2,3,2,1
357,gfx_scene,1112,8,3,27,5,70,6,125,124,0,0,2,3,1,0
358,glib,1073,12,7,163,21,4,170,1,0,0,0,4,10,122,9
359,sys,958,6,3,85,4,278,224,279,0,0,0,2,2,64,11
360,sys,958,6,3,85,4,278,224,279,0,0,0,2,4,14,3
361,cairo,1073,45,8,109,18,0,1,0,0,0,0,4,4,17,3
362,cairo,1073,45,8,109,18,0,1,0,0,0,0,4,2,13,5
363,gtk,1073,512,13,420,150,0,2,0,0,0,0,5,19,46,2
364,sys,958,6,3,85,4,278,224,279,0,0,0,2,5,19,2
365,pango,1072,9,3,81,4,40,52,130,0,0,0,6,15,33,6
366,sys,958,6,3,85,4,278,224,279,0,0,0,2,3,11,4
367,sxd-document,1210,75,3,1713,17,0,607,556,1,0,0,1,2,6,2
368,msgpack-rust,1085,224,18,634,66,0,14,0,2,0,3,2,9,22,3
369,primal,1028,33,5,166,2,0,1,357,81,14,16,4,12,10,2
370,rust-pcre,1622,15,3,223,5,26,0,146,8,0,0,2,4,1,0
371,quasi,1111,39,5,123,20,2,0,230,0,0,1,2,3,13,5
372,serde,1577,1001,26,1476,490,0,0,0,0,0,2,3,6,357,8
373,arrayvec,1025,57,4,202,17,0,0,114,0,0,0,7,1,37,5
374,ssdp-rs,1043,15,8,199,9,0,148,24,0,5,0,6,7,5,1
375,rust-spidev,1051,11,4,283,0,0,0,142,0,0,1,1,3,3,1
376,arrayvec,1025,57,4,202,17,0,0,114,0,0,0,7,1,16,4
377,shiplift,1079,69,7,493,16,5,1,0,2,0,0,2,8,1,0
378,rs-es,1054,123,5,702,22,0,66,0,2,0,0,2,5,2,0
379,mongo-rust-driver-prototype,1745,146,11,92,49,0,168,0,0,3,1,8,58,4346,35
380,gfx_texture,1225,1,9,94,23,0,190,0,0,0,0,1,3,4,2
381,gfx_voxel,1240,7,9,69,10,19,0,3,0,0,0,3,4,2,0
382,rustorm,1051,174,3,356,15,1,35,164,0,0,0,2,7,2,0
383,ramp,1019,116,13,251,24,8,0,0,78,4,0,2,12,8,2
384,gfx_text,1032,18,5,79,14,65,168,351,5,0,0,2,6,2,1
385,lifeguard,1018,57,4,83,10,0,0,236,237,1,0,3,13,3,1
386,horrorshow-rs,1042,93,2,305,8,0,0,364,0,0,0,11,2,5,1
387,regex,1184,253,17,874,98,0,0,0,0,0,0,3,2,17,6
388,image-gif,1015,14,6,43,15,0,0,0,7,0,0,3,13,16,2
389,timely-dataflow,1188,529,6,823,20,1,484,292,4,0,0,4,17,9,1
390,rust-ffmpeg,1037,73,14,417,14,0,12,0,0,0,0,7,9,21,2
391,meta,1043,33,4,292,129,0,0,64,13,0,0,2,2,5,1
392,startuppong-client-rs,1013,2,2,26,1,0,0,116,86,0,0,2,3,1,0
393,core-foundation-sys,1012,1,3,21,0,17,208,200,1,153,0,8,1,1,0
394,rust-gc,1027,219,8,149,17,0,14,0,0,0,0,3,5,11,2
395,rust-gc,1027,219,8,149,17,0,14,0,0,0,0,3,0,1,1
396,odds,1011,8,2,179,2,2,0,315,257,0,0,2,13,15,4
397,bit-vec,1011,19,7,68,7,0,0,24,0,0,261,3,1,50,6
398,pulldown-cmark,1010,361,6,127,16,1,0,20,0,1,0,5,1,28,2
399,yaml-rust,1019,174,8,125,29,0,0,0,0,6,3,2,2,57,4
400,notify-rust,1024,86,7,249,18,2,0,0,0,0,0,13,1,8,0
401,ncollide,1760,404,12,668,59,0,334,0,0,0,0,8,5,4,2
402,ncollide,1760,404,12,668,59,0,334,0,0,0,0,8,4,8,3
403,ncollide,1760,404,12,668,59,0,334,0,0,0,0,8,6,1,1
404,ncollide,1760,404,12,668,59,0,334,0,0,0,0,8,5,3,2
405,ncollide,1760,404,12,668,59,0,334,0,0,0,0,8,6,3,2
406,ncollide,1760,404,12,668,59,0,334,0,0,0,0,8,8,2,2
407,ncollide,1760,404,12,668,59,0,334,0,0,0,0,8,5,7,3
408,primal,1028,33,5,166,2,0,1,357,81,14,16,4,1,2,2
409,primal,1028,33,5,166,2,0,1,357,81,14,16,4,2,1,1
410,primal,1028,33,5,166,2,0,1,357,81,14,16,4,1,3,2
411,primal,1028,33,5,166,2,0,1,357,81,14,16,4,5,3,1
412,primal,1028,33,5,166,2,0,1,357,81,14,16,4,2,2,2
413,alsa-rs,1005,11,2,99,14,3,1,404,126,1,1,19,5,2,0
414,bson-rs,1066,53,6,123,26,0,0,320,6,1,1,2,16,498,18
415,formdata,1004,18,4,161,22,0,0,0,0,0,0,5,15,12,3
416,unicode-bidi,1018,14,8,79,7,0,28,14,13,0,3,3,1,3,3
417,rust-memchr,1002,17,7,47,3,0,421,0,0,1,0,2,2,43,9
418,aho-corasick,1002,106,7,63,5,0,0,0,1,1,2,4,3,11,2
419,rust-objc-foundation,1082,4,1,201,0,0,4,935,85,0,2,4,4,7,3
420,cgl-rs,1227,1,6,20,3,0,0,84,12,0,0,1,2,7,2
421,gleam,1227,26,17,138,9,47,38,50,155,0,0,3,19,8,2
422,rustlex,1446,103,5,166,10,0,314,0,0,2,4,2,5,3,1
423,slab,1005,57,8,49,12,0,0,0,0,2,28,2,1,32,6
424,html5ever,1457,515,26,525,70,0,2,0,4,0,1,8,11,20,2
425,html5ever,1457,515,26,525,70,0,2,0,4,0,1,8,2,1,1
426,html5ever,1457,515,26,525,70,0,2,0,4,0,1,8,0,2,1
427,Juju,1011,2,6,89,4,109,132,34,576,1,1,2,36,2,1
428,euclid,2101,58,18,183,28,11,6,0,49,0,0,2,29,15,3
429,prettytable-rs,1016,49,4,259,27,0,42,257,5,0,1,5,1,22,1
430,net2-rs,995,40,8,98,12,0,0,14,0,1,0,4,1,62,8
431,html5ever,1457,515,26,525,70,0,2,0,4,0,1,8,5,1,1
432,dft,993,10,3,108,4,93,0,415,1,0,93,7,12,13,2
433,md5,992,10,4,57,0,0,0,238,0,1,0,20,3,1883,29
434,tendril,1081,58,6,100,6,0,0,0,70,0,0,2,15,20,3
435,mush,1043,13,2,69,16,370,8,374,260,0,0,2,19,3,1
436,telegram-bot,987,30,3,268,16,0,34,102,0,1,308,1,13,6,1
437,robotparser-rs,986,7,4,171,2,169,41,192,0,1,0,5,3,1,0
438,chan,980,223,3,50,10,40,0,0,0,0,0,1,7,30,4
439,cargo,1466,2417,174,6652,1893,0,0,0,1,1,1,3,37,41,2
440,mime_guess,1106,6,2,12,1,0,0,138,2,0,1,1,1,25,3
441,rust-gmp,1026,19,5,79,3,0,4,0,0,6,0,15,1,6,1
442,params,977,33,2,54,21,0,0,382,0,1,1,1,13,43,5
443,xattr,973,3,1,73,7,0,3,742,0,0,55,11,3,4,2
444,linear-map,1087,10,9,74,15,22,1,0,30,50,3,4,2,6,2
445,chan-signal,971,71,5,34,8,0,0,0,0,5,0,1,4,15,1
446,slug-rs,985,1,2,11,0,0,1,219,4,0,0,12,5,553,13
447,rust-ctrlc,1118,24,3,80,10,0,8,1,0,10,3,5,2,15,1
448,rust-c-ares,970,6,5,1049,18,31,0,243,6,0,3,7,3,1,0
449,rust-c-ares,970,6,5,1049,18,31,0,243,6,0,3,7,1,1,1
450,combine,1152,310,7,532,34,0,6,46,0,0,24,3,4,16,2
451,histogram,985,18,3,356,9,0,218,535,4,0,0,10,9,20,3
452,v8-rs,549,54,6,355,2,54,43,9,42,0,84,4,5,1,1
453,netbuf,959,11,6,79,6,3,26,54,0,0,0,1,1,10,4
454,cargo,1466,2417,174,6652,1893,0,0,0,1,1,1,3,2,2,1
455,sysinfo,1095,17,5,245,18,0,9,11,2,0,0,4,3,21,2
456,lalrpop,1001,505,10,797,81,0,0,2,1,1,0,3,8,13,2
457,lalrpop,1001,505,10,797,81,0,0,2,1,1,0,3,8,1,2
458,lalrpop,1001,505,10,797,81,0,0,2,1,1,0,3,0,17,2
459,owning-ref-rs,957,81,5,764,12,0,0,244,13,4,0,5,1,16,3
460,rust-zookeeper,1251,54,5,292,13,0,0,24,7,1,4,4,7,1,0
461,lalrpop,1001,505,10,797,81,0,0,2,1,1,0,3,0,2,1
462,cbor-codec,971,6,2,63,5,8,0,124,24,6,1,3,7,1,0
463,rustache,1267,175,10,472,13,26,0,24,0,0,0,5,3,2,0
464,libpnet,1286,510,15,363,22,0,2,9,0,0,0,4,3,4,2
465,cmake-rs,1224,14,5,797,8,0,200,245,0,1,0,4,1,47,4
466,timely-dataflow,1188,529,6,823,20,1,484,292,4,0,0,4,3,2,1
467,rusoto,969,369,29,1543,244,0,3,0,6,1,2,3,8,8,1
468,json,1025,292,15,789,146,0,0,1,0,0,15,3,2,1329,26
469,emit,723,14,5,329,10,39,24,83,116,0,15,13,4,3,0
470,google-apis-rs,1106,124,6,614,141,0,0,56,2,1,1,4,8,1,0
471,google-apis-rs,1106,124,6,614,141,0,0,56,2,1,1,4,8,1,0
472,google-apis-rs,1106,124,6,614,141,0,0,56,2,1,1,4,8,1,0
473,kdtree-rs,954,14,3,86,3,2,0,349,68,9,3,6,3,12,1
474,heapsize,945,38,10,139,13,0,106,304,17,0,0,3,1,21,11
475,meta,1043,33,4,292,129,0,0,64,13,0,0,2,2,1,0
476,heapsize,945,38,10,139,13,0,106,304,17,0,0,3,1,10,6
477,rust-jack,903,15,5,32,3,42,28,7,18,1,0,7,1,6,1
478,memory_map,959,4,10,80,3,34,0,36,5,0,0,2,5,1,1
479,unshare,937,20,4,144,1,243,119,228,243,0,0,12,2,5,1
480,wayland-window,1022,4,2,12,1,7,0,34,54,0,0,7,3,3,2
481,rotor-http,940,121,3,229,15,0,1,122,2,0,0,8,7,1,0
482,esprit,1091,132,4,184,14,0,30,105,40,8,5,4,6,1,0
483,imgui-rs,936,248,6,265,20,0,4,0,2,1,0,2,6,3,1
484,memmap-rs,1070,141,13,175,16,0,0,0,2,1,1,9,5,65,5
485,scoped-threadpool-rs,1016,65,4,693,3,0,0,330,0,0,0,2,1,16,2
486,rustc-version-rs,929,20,5,679,1,0,0,244,135,218,3,2,1,44,9
487,msgpack-rust,1085,224,18,634,66,0,14,0,2,0,3,2,3,19,3
488,msgpack-rust,1085,224,18,634,66,0,14,0,2,0,3,2,2,10,1
489,esprit,1091,132,4,184,14,0,30,105,40,8,5,4,17,4,1
490,esprit,1091,132,4,184,14,0,30,105,40,8,5,4,6,4,1
491,esprit,1091,132,4,184,14,0,30,105,40,8,5,4,7,3,1
492,esprit,1091,132,4,184,14,0,30,105,40,8,5,4,1,3,1
493,crossbeam,1031,152,14,29,20,0,2,0,1,4,4,2,1,97,10
494,safe_client_libs,1094,22,12,172,5,60,108,0,0,0,2,2,7,2,1
495,ws-rs,924,419,9,221,94,0,0,0,1,0,0,2,14,3543,55
496,procinfo-rs,931,28,8,54,8,0,1,0,24,2,0,3,3,12,2
497,rust-copperline,921,26,4,101,0,0,54,16,1,0,7,17,2,1,0
498,imgui-rs,936,248,6,265,20,0,4,0,2,1,0,2,4,3,1
499,rust-xdr,921,4,3,207,20,0,0,20,2,2,0,5,1,3,1
500,rust-xdr,921,4,3,207,20,0,0,20,2,2,0,5,2,1,1
501,fs2-rs,921,25,11,107,8,0,14,0,0,1,1,5,10,42,7
502,rust-metrics,921,84,7,272,22,1,0,3,3,0,0,6,13,66,7
503,rustyline,1085,109,8,361,26,0,311,0,0,7,1,9,4,26,2
504,trust-dns,944,577,17,858,54,0,45,0,1,0,0,7,1,10,1
505,secstr,1224,19,2,29,1,1,0,472,0,0,1,1,1,4,1
506,sys,958,6,3,85,4,278,224,279,0,0,0,2,5,5,1
507,sys,958,6,3,85,4,278,224,279,0,0,0,2,6,16,5
508,sys,958,6,3,85,4,278,224,279,0,0,0,2,5,20,6
509,sys,958,6,3,85,4,278,224,279,0,0,0,2,4,50,10
510,pq-sys,912,3,3,33,5,0,0,24,0,1,0,2,1,1,1
511,rust-syndication,912,5,4,26,1,0,0,0,224,0,0,1,6,1,0
512,rodio,961,111,4,355,19,12,3,46,0,0,0,3,5,6,1
513,either,907,14,3,54,2,0,0,356,0,0,0,9,7,31,4
514,oven,905,8,1,31,1,9,0,192,244,0,0,1,8,5,1
515,difference.rs,1024,47,4,67,1,0,0,114,0,55,0,4,8,23,5
516,neon,902,492,9,236,22,0,4,2,0,1,13,3,1,1,0
517,rust-xdg,901,22,3,101,6,0,40,168,20,0,0,1,4,49,5
518,rust-jsonrpc,1324,17,1,33,2,7,0,758,13,0,6,3,9,3,1
519,io-surface-rs,2016,1,11,51,2,55,0,0,180,0,0,5,5,2,1
520,typenum,896,94,6,362,25,56,1,229,10,0,0,5,1,27,3
521,walkdir,904,166,19,90,37,0,0,0,0,10,0,4,7,344,22
522,generic-array,897,56,3,117,16,0,0,331,1,2,2,1,1,61,10
523,cbor,908,37,8,143,19,0,0,2,1,2,6,1,3,13,2
524,ratelimit,891,4,4,110,4,0,0,270,282,0,0,9,12,8,1
525,rustup.rs,895,1187,35,610,404,0,0,0,0,2,1,3,5,1,0
526,xml,1025,39,6,59,12,0,161,0,12,3,2,3,3,8,0
527,daggy,883,39,2,64,1,0,134,491,0,1,0,2,2,53,10
528,assert_cli,882,22,6,61,6,6,2,136,2,0,0,4,3,5,1
529,safe_client_libs,1094,22,12,172,5,60,108,0,0,0,2,2,9,5,1
530,treexml-rs,879,7,2,46,0,3,0,317,2,1,1,8,1,3,0
531,pb,877,121,4,151,19,0,0,12,0,0,1,3,15,66,6
532,telemetry.rs,885,17,3,116,26,0,0,26,73,0,0,6,14,2,0
533,fst,917,343,8,157,18,0,0,0,0,1,0,3,44,6,2
534,core-foundation-rs,2017,16,10,83,5,2,1,2,144,0,0,4,1,10,2
535,os_type,873,9,2,75,4,0,0,318,0,0,0,4,1,4,1
536,google-apis-rs,1106,124,6,614,141,0,0,56,2,1,1,4,8,1,0
537,google-apis-rs,1106,124,6,614,141,0,0,56,2,1,1,4,8,1,0
538,google-apis-rs,1106,124,6,614,141,0,0,56,2,1,1,4,8,1,0
539,google-apis-rs,1106,124,6,614,141,0,0,56,2,1,1,4,8,1,0
540,google-apis-rs,1106,124,6,614,141,0,0,56,2,1,1,4,8,1,0
541,google-apis-rs,1106,124,6,614,141,0,0,56,2,1,1,4,8,1,0
542,google-apis-rs,1106,124,6,614,141,0,0,56,2,1,1,4,8,1,0
543,google-apis-rs,1106,124,6,614,141,0,0,56,2,1,1,4,8,1,0
544,google-apis-rs,1106,124,6,614,141,0,0,56,2,1,1,4,8,1,0
545,google-apis-rs,1106,124,6,614,141,0,0,56,2,1,1,4,8,1,0
546,google-apis-rs,1106,124,6,614,141,0,0,56,2,1,1,4,8,1,0
547,google-apis-rs,1106,124,6,614,141,0,0,56,2,1,1,4,8,1,0
548,google-apis-rs,1106,124,6,614,141,0,0,56,2,1,1,4,8,1,0
549,google-apis-rs,1106,124,6,614,141,0,0,56,2,1,1,4,8,1,0
550,google-apis-rs,1106,124,6,614,141,0,0,56,2,1,1,4,8,1,0
551,google-apis-rs,1106,124,6,614,141,0,0,56,2,1,1,4,8,1,0
552,google-apis-rs,1106,124,6,614,141,0,0,56,2,1,1,4,8,1,0
553,google-apis-rs,1106,124,6,614,141,0,0,56,2,1,1,4,8,1,0
554,schannel-rs,884,4,9,93,6,38,4,19,1,1,0,5,7,6,4
555,lettre,1495,142,4,227,33,0,2,161,0,0,0,2,9,7,1
556,glib-sys,1140,3,1,69,0,26,0,288,0,0,2,4,3,5,2
557,ref_slice,868,12,1,10,0,0,0,525,0,0,275,2,0,7,3
558,ocl,860,117,3,648,54,0,11,53,5,0,0,3,7,11,2
559,jsonwebtoken,859,31,2,19,4,0,0,65,7,0,0,3,8,2060,22
560,iso8601,984,16,7,87,1,16,0,24,18,0,0,6,6,51,7
561,toyos-rs,863,21,1,10,0,0,0,303,58,105,0,2,1,1,1
562,toyos-rs,863,21,1,10,0,0,0,303,58,105,0,2,0,1,0
563,rust_libloading,853,157,3,92,9,0,22,0,0,0,1,4,3,23,3
564,inflate,850,10,5,25,7,39,24,19,54,1,0,3,2,6,2
565,maidsafe_utilities,851,11,14,206,1,117,1,130,68,0,0,3,1,21,4
566,arrayfire-rust,1026,201,7,211,85,0,0,4,1,1,0,4,4,2,0
567,spaceapi-rs,846,3,5,250,11,263,287,264,579,1,1,3,3,1,0
568,approx,845,11,1,34,3,63,0,247,5,0,0,2,5,52,7
569,rust-openssl,1532,318,57,1975,261,0,0,0,0,0,1,3,3,2,1
570,libpnet,1286,510,15,363,22,0,2,9,0,0,0,4,1,5,2
571,discord-rs,833,156,18,236,47,2,1,0,0,6,2,3,11,2,0
572,rust-security-framework,932,10,5,238,8,1,0,0,3,1,0,2,20,13,6
573,rust-security-framework,932,10,5,238,8,1,0,0,3,1,0,2,2,2,2
574,rust-egl,1520,2,7,17,0,0,0,11,0,0,0,3,1,2,1
575,tiny-keccak,833,39,5,67,3,48,0,140,0,1,5,1,0,24,4
576,inth-oauth2,832,17,3,208,6,3,2,0,1,0,0,4,4,1,0
577,rust-clipboard,1077,43,2,100,10,0,0,374,0,0,1,2,11,453,14
578,diesel,923,1080,40,2544,313,0,0,0,0,1,1,4,6,9,1
579,diesel,923,1080,40,2544,313,0,0,0,0,1,1,4,18,31,3
580,rust-freetype,1961,11,10,45,2,0,0,51,44,0,0,2,7,7,2
581,ipc-channel,990,100,11,333,20,16,0,177,56,0,1,5,7,1,0
582,glutin,1321,757,35,2125,239,0,0,2,0,0,0,2,25,2,1
583,html5ever,1457,515,26,525,70,0,2,0,4,0,1,8,8,1,0
584,rust-base64,827,50,4,81,13,0,0,122,0,22,28,6,6,296,18
585,collenchyma-nn,823,17,5,143,8,28,0,85,45,0,0,1,1,1,0
586,rusty-cheddar,879,177,4,213,21,0,0,122,1,4,0,2,1,7,2
587,rusty-machine,846,514,12,605,61,5,4,4,5,1,1,6,1,2,0
588,strings.rs,1084,6,3,27,3,3,0,5,0,1,1,7,15,15,4
589,zinc,1417,964,26,882,104,7,2,1,2,0,0,3,2,1,0
590,orbtk,816,72,3,182,3,0,0,245,0,0,0,5,2,2,0
591,rust-vobject,1217,8,3,107,5,2,0,0,86,1,0,10,7,7,1
592,neon,902,492,9,236,22,0,4,2,0,1,13,3,9,19,3
593,neon,902,492,9,236,22,0,4,2,0,1,13,3,1,1,1
594,bip-rs,1233,105,4,652,38,0,0,162,0,1,0,1,1,3,1
595,bip-rs,1233,105,4,652,38,0,0,162,0,1,0,1,2,3,0
596,bip-rs,1233,105,4,652,38,0,0,162,0,1,0,1,6,1,0
597,bip-rs,1233,105,4,652,38,0,0,162,0,1,0,1,3,6,1
598,rust-ndarray,1313,338,10,2589,110,0,43,23,6,0,0,2,6,372,22
599,clang-sys,808,11,13,371,35,0,0,0,0,0,0,4,3,12,3
600,neon,902,492,9,236,22,0,4,2,0,1,13,3,11,19,1
601,cadence,827,8,2,242,31,0,0,286,32,0,3,1,5,122,13
602,rust-bcrypt,810,10,1,13,1,0,0,346,2,1,0,9,10,1332,19
603,rust-multihash,802,15,6,36,1,0,0,0,0,0,66,3,4,3,1
604,BearLibTerminal-sys.rs,801,2,2,15,0,0,0,194,0,0,66,4,1,1,1
